5.069610103964805603e-02,-9.987130165100097656e-01,-1.470523071475327015e-03,7.460176944732666016e-01,-9.987141489982604980e-01,-5.069604888558387756e-02,-7.464577356586232781e-05,7.768452167510986328e-03,-1.608413922882245828e-16,1.472416450269520283e-03,-9.999989271163940430e-01,3.824533149600028992e-02,0.000000000000000000e+00,0.000000000000000000e+00,0.000000000000000000e+00,1.000000000000000000e+00
-8.468847721815109253e-02,-9.944790005683898926e-01,-6.196274980902671814e-02,7.441040277481079102e-01,-8.632127642631530762e-01,4.216497018933296204e-02,5.030763745307922363e-01,6.710672378540039062e-02,-4.976862370967864990e-01,9.609180688858032227e-02,-8.620178699493408203e-01,2.715975418686866760e-02,0.000000000000000000e+00,0.000000000000000000e+00,0.000000000000000000e+00,1.000000000000000000e+00
-1.126814633607864380e-01,-9.885227680206298828e-01,-1.006262227892875671e-01,7.449403405189514160e-01,-5.037100911140441895e-01,-3.046504594385623932e-02,8.633354306221008301e-01,2.153873443603515625e-02,-8.564922809600830078e-01,1.479683518409729004e-01,-4.944960474967956543e-01,-1.918468251824378967e-02,0.000000000000000000e+00,0.000000000000000000e+00,0.000000000000000000e+00,1.000000000000000000e+00
1.463732421398162842e-01,9.891705513000488281e-01,1.079244911670684814e-02,7.421756386756896973e-01,9.892294406890869141e-01,-1.463645249605178833e-01,-1.596925430931150913e-03,1.246289610862731934e-01,-2.402592014227877826e-16,1.090995501726865768e-02,-9.999404549598693848e-01,5.632155574858188629e-03,0.000000000000000000e+00,0.000000000000000000e+00,0.000000000000000000e+00,1.000000000000000000e+00
-1.815204620361328125e-01,9.680773019790649414e-01,-1.728487908840179443e-01,7.453347444534301758e-01,4.701466858386993408e-01,2.398115992546081543e-01,8.493835926055908203e-01,1.871401071548461914e-02,8.637201189994812012e-01,7.291621714830398560e-02,-4.986690282821655273e-01,-1.527143921703100204e-02,0.000000000000000000e+00,0.000000000000000000e+00,0.000000000000000000e+00,1.000000000000000000e+00
8.980950713157653809e-02,9.893727302551269531e-01,1.143494769930839539e-01,7.422989010810852051e-01,8.643585443496704102e-01,-2.038795314729213715e-02,-5.024625658988952637e-01,1.035955548286437988e-01,-4.947913885116577148e-01,1.439648568630218506e-01,-8.570038676261901855e-01,2.631237730383872986e-02,0.000000000000000000e+00,0.000000000000000000e+00,0.000000000000000000e+00,1.000000000000000000e+00
1.242627948522567749e-01,-9.817220568656921387e-01,-1.441544741392135620e-01,7.419673204421997070e-01,-8.621540069580078125e-01,-3.491000086069107056e-02,-5.054421424865722656e-01,1.204902529716491699e-01,4.911713004112243652e-01,1.870910078287124634e-01,-8.507336378097534180e-01,7.207536138594150543e-03,0.000000000000000000e+00,0.000000000000000000e+00,0.000000000000000000e+00,1.000000000000000000e+00
-1.445141285657882690e-01,9.862242341041564941e-01,-8.048272877931594849e-02,7.454559803009033203e-01,-1.166874449700117111e-02,7.963234931230545044e-02,9.967560172080993652e-01,1.447951793670654297e-02,9.894339442253112793e-01,1.449844539165496826e-01,3.098877713765942283e-16,-1.756554841995239258e-02,0.000000000000000000e+00,0.000000000000000000e+00,0.000000000000000000e+00,1.000000000000000000e+00
3.553750365972518921e-02,-9.817220568656921387e-01,-1.869728267192840576e-01,7.419673204421997070e-01,-9.993683695793151855e-01,-3.491000086069107056e-02,-6.648747250437736511e-03,1.204902529716491699e-01,6.765421556309547668e-17,1.870910078287124634e-01,-9.823426008224487305e-01,7.207536138594150543e-03,0.000000000000000000e+00,0.000000000000000000e+00,0.000000000000000000e+00,1.000000000000000000e+00
5.495416373014450073e-02,-9.535042047500610352e-01,-2.963270545005798340e-01,7.425829172134399414e-01,-9.984889030456542969e-01,-5.247832834720611572e-02,-1.630905084311962128e-02,1.096825003623962402e-01,-1.491862189340054101e-16,2.967755198478698730e-01,-9.549472928047180176e-01,3.550177440047264099e-02,0.000000000000000000e+00,0.000000000000000000e+00,0.000000000000000000e+00,1.000000000000000000e+00
-5.836512893438339233e-02,9.960968494415283203e-01,-6.621652096509933472e-02,7.411136031150817871e-01,4.968131184577941895e-01,8.651449531316757202e-02,8.635345697402954102e-01,1.506938934326171875e-01,8.658927083015441895e-01,1.750307157635688782e-02,-4.999234080314636230e-01,3.330586478114128113e-02,0.000000000000000000e+00,0.000000000000000000e+00,0.000000000000000000e+00,1.000000000000000000e+00
-1.326361745595932007e-01,9.898084402084350586e-01,5.183500796556472778e-02,7.449682354927062988e-01,6.884451955556869507e-03,-5.137579515576362610e-02,9.986556768417358398e-01,4.133522510528564453e-02,9.911409020423889160e-01,1.328147202730178833e-01,-1.214442620199815697e-16,-3.620357066392898560e-02,0.000000000000000000e+00,0.000000000000000000e+00,0.000000000000000000e+00,1.000000000000000000e+00
9.869129955768585205e-02,9.922406077384948730e-01,7.562156021595001221e-02,7.391959428787231445e-01,5.016586780548095703e-01,1.602135784924030304e-02,-8.649172782897949219e-01,1.604084968566894531e-01,-8.594175577163696289e-01,1.232960224151611328e-01,-4.961849749088287354e-01,-2.918212674558162689e-02,0.000000000000000000e+00,0.000000000000000000e+00,0.000000000000000000e+00,1.000000000000000000e+00
1.160256490111351013e-01,-9.647569656372070312e-01,2.361822426319122314e-01,7.397097945213317871e-01,2.820104174315929413e-02,-2.344925403594970703e-01,-9.717087745666503906e-01,1.690029501914978027e-01,9.928457736968994141e-01,1.194037273526191711e-01,-1.208161209151435017e-16,-1.835724338889122009e-02,0.000000000000000000e+00,0.000000000000000000e+00,0.000000000000000000e+00,1.000000000000000000e+00
-9.688065946102142334e-02,9.839347600936889648e-01,1.499549001455307007e-01,7.414531111717224121e-01,8.615767955780029297e-01,1.583373248577117920e-01,-4.823015034198760986e-01,1.308774352073669434e-01,-4.982966780662536621e-01,8.247197419404983521e-02,-8.630751967430114746e-01,2.841595187783241272e-02,0.000000000000000000e+00,0.000000000000000000e+00,0.000000000000000000e+00,1.000000000000000000e+00
-3.103045821189880371e-01,9.462751150131225586e-01,-9.096389263868331909e-02,7.460145354270935059e-01,4.396081864833831787e-01,2.276787906885147095e-01,8.688538670539855957e-01,1.338988542556762695e-02,8.428853154182434082e-01,2.296208739280700684e-01,-4.866400659084320068e-01,-3.016539663076400757e-02,0.000000000000000000e+00,0.000000000000000000e+00,0.000000000000000000e+00,1.000000000000000000e+00
7.369432598352432251e-02,-9.966931939125061035e-01,-3.423254191875457764e-02,7.443970441818237305e-01,-9.972808957099914551e-01,-7.365089654922485352e-02,-2.529622521251440048e-03,7.022827863693237305e-02,3.209238430557093125e-16,3.432587906718254089e-02,-9.994106888771057129e-01,9.068728424608707428e-03,0.000000000000000000e+00,0.000000000000000000e+00,0.000000000000000000e+00,1.000000000000000000e+00
1.645682305097579956e-01,9.861037135124206543e-01,-2.273206785321235657e-02,7.419735789299011230e-01,8.508352637290954590e-01,-1.535771787166595459e-01,-5.024871826171875000e-01,1.264465451240539551e-01,-4.989956021308898926e-01,6.335218250751495361e-02,-8.642857670783996582e-01,2.152174338698387146e-02,0.000000000000000000e+00,0.000000000000000000e+00,0.000000000000000000e+00,1.000000000000000000e+00
1.316222697496414185e-01,9.840231537818908691e-01,1.198914200067520142e-01,7.448898553848266602e-01,8.601692318916320801e-01,-5.325692147016525269e-02,-5.072204470634460449e-01,2.027112245559692383e-02,-4.927316606044769287e-01,1.698884218931198120e-01,-8.534362316131591797e-01,1.318264473229646683e-02,0.000000000000000000e+00,0.000000000000000000e+00,0.000000000000000000e+00,1.000000000000000000e+00
-1.878311298787593842e-02,-9.989041686058044434e-01,-4.286841675639152527e-02,7.429950237274169922e-01,-9.998235702514648438e-01,1.876584067940711975e-02,8.053443743847310543e-04,9.469902515411376953e-02,-9.291612618200772999e-17,4.287597909569740295e-02,-9.990804195404052734e-01,1.207565609365701675e-02,0.000000000000000000e+00,0.000000000000000000e+00,0.000000000000000000e+00,1.000000000000000000e+00
-8.585347980260848999e-02,9.911848306655883789e-01,1.009049639105796814e-01,7.412147521972656250e-01,8.620505332946777344e-01,1.246784105896949768e-01,-4.912475347518920898e-01,1.377615928649902344e-01,-4.994977712631225586e-01,4.480987042188644409e-02,-8.651555180549621582e-01,2.607219293713569641e-02,0.000000000000000000e+00,0.000000000000000000e+00,0.000000000000000000e+00,1.000000000000000000e+00
1.358936727046966553e-02,-9.960477948188781738e-01,-8.777344971895217896e-02,7.460550665855407715e-01,-5.021450519561767578e-01,6.911154836416244507e-02,-8.620173335075378418e-01,1.462084054946899414e-02,8.646766543388366699e-01,5.578927323222160339e-02,-4.992212951183319092e-01,3.885193541646003723e-02,0.000000000000000000e+00,0.000000000000000000e+00,0.000000000000000000e+00,1.000000000000000000e+00
2.125469446182250977e-01,-9.756103754043579102e-01,-5.484645441174507141e-02,7.392770051956176758e-01,-4.883517920970916748e-01,-5.744085088372230530e-02,-8.707543015480041504e-01,1.633364558219909668e-01,8.463665246963500977e-01,2.118605375289916992e-01,-4.886499643325805664e-01,-3.900004923343658447e-02,0.000000000000000000e+00,0.000000000000000000e+00,0.000000000000000000e+00,1.000000000000000000e+00
-1.635549515485763550e-01,9.694435596466064453e-01,-1.828358024358749390e-01,7.454355955123901367e-01,-3.041641414165496826e-02,1.802880167961120605e-01,9.831434488296508789e-01,1.516491174697875977e-02,9.860652089118957520e-01,1.663591861724853516e-01,-1.141312310162941566e-16,-6.717867217957973480e-03,0.000000000000000000e+00,0.000000000000000000e+00,0.000000000000000000e+00,1.000000000000000000e+00
-4.139449074864387512e-02,-9.903830885887145996e-01,-1.320146471261978149e-01,7.454889416694641113e-01,-5.512929521501064301e-03,-1.318994909524917603e-01,9.912477731704711914e-01,1.482361555099487305e-02,-9.991276860237121582e-01,4.175998270511627197e-02,0.000000000000000000e+00,6.043926812708377838e-03,0.000000000000000000e+00,0.000000000000000000e+00,0.000000000000000000e+00,1.000000000000000000e+00
-1.079073697328567505e-01,9.892364144325256348e-01,9.882945567369461060e-02,7.396674156188964844e-01,8.594250679016113281e-01,1.427922546863555908e-01,-4.909164607524871826e-01,1.602275371551513672e-01,-4.997445344924926758e-01,3.196300938725471497e-02,-8.655828833580017090e-01,-1.137092243880033493e-02,0.000000000000000000e+00,0.000000000000000000e+00,0.000000000000000000e+00,1.000000000000000000e+00
7.158868014812469482e-02,9.955273270606994629e-01,-6.164701655507087708e-02,7.414167523384094238e-01,-4.421638324856758118e-03,-6.148824095726013184e-02,-9.980980157852172852e-01,1.274434924125671387e-01,-9.974244236946105957e-01,7.172510027885437012e-02,0.000000000000000000e+00,-2.586715668439865112e-02,0.000000000000000000e+00,0.000000000000000000e+00,0.000000000000000000e+00,1.000000000000000000e+00
1.233635097742080688e-01,-9.875182509422302246e-01,9.792417287826538086e-02,7.407109141349792480e-01,1.213860977441072464e-02,-9.716891497373580933e-02,-9.951938986778259277e-01,1.365378499031066895e-01,9.922872781753540039e-01,1.239592730998992920e-01,3.174246705412629927e-16,-2.415194734930992126e-02,0.000000000000000000e+00,0.000000000000000000e+00,0.000000000000000000e+00,1.000000000000000000e+00
-3.770086169242858887e-02,-9.989041686058044434e-01,-2.773358114063739777e-02,7.429950237274169922e-01,-8.654699325561523438e-01,1.876584067940711975e-02,5.006092190742492676e-01,9.469902515411376953e-02,-4.995402097702026367e-01,4.287597909569740295e-02,-8.652290105819702148e-01,1.207565609365701675e-02,0.000000000000000000e+00,0.000000000000000000e+00,0.000000000000000000e+00,1.000000000000000000e+00
-9.269712865352630615e-02,9.956874251365661621e-01,3.715631319209933281e-03,7.420911788940429688e-01,9.956943392753601074e-01,9.269648045301437378e-02,3.459177387412637472e-04,1.173738241195678711e-01,-2.068657745102342460e-16,3.731698496267199516e-03,-9.999930262565612793e-01,1.147798541933298111e-02,0.000000000000000000e+00,0.000000000000000000e+00,0.000000000000000000e+00,1.000000000000000000e+00
9.423489570617675781e-01,1.200098767876625061e-01,3.123716115951538086e-01,7.467926144599914551e-01,3.173696100711822510e-01,-2.458021230995655060e-02,-9.479833245277404785e-01,7.265985012054443359e-03,-1.060891970992088318e-01,9.924683570861816406e-01,-6.125062704086303711e-02,-1.324444310739636421e-03,0.000000000000000000e+00,0.000000000000000000e+00,0.000000000000000000e+00,1.000000000000000000e+00
1.715204492211341858e-02,9.860435128211975098e-01,1.656018942594528198e-01,7.428848743438720703e-01,8.685016036033630371e-01,-9.675458818674087524e-02,4.861517846584320068e-01,9.064036607742309570e-02,4.953895509243011475e-01,1.354870051145553589e-01,-8.580399155616760254e-01,2.376124635338783264e-02,0.000000000000000000e+00,0.000000000000000000e+00,0.000000000000000000e+00,1.000000000000000000e+00
9.855813980102539062e-01,-1.572579592466354370e-01,6.244395673274993896e-02,7.560887336730957031e-01,6.166394054889678955e-02,-9.839009493589401245e-03,-9.980484843254089355e-01,3.106540441513061523e-02,1.575654447078704834e-01,9.875085353851318359e-01,-8.888818011534811237e-17,-1.672200887696817517e-04,0.000000000000000000e+00,0.000000000000000000e+00,0.000000000000000000e+00,1.000000000000000000e+00
6.620480120182037354e-02,-9.936752915382385254e-01,9.069929271936416626e-02,7.408536076545715332e-01,6.029580254107713699e-03,-9.049864858388900757e-02,-9.958783388137817383e-01,1.396075487136840820e-01,9.977878332138061523e-01,6.647880375385284424e-02,3.205942942996681862e-16,-1.744578033685684204e-02,0.000000000000000000e+00,0.000000000000000000e+00,0.000000000000000000e+00,1.000000000000000000e+00
-1.419571489095687866e-01,9.862242341041564941e-01,8.491153270006179810e-02,7.454559803009033203e-01,8.573816418647766113e-01,7.963234931230545044e-02,5.084834098815917969e-01,1.447951793670654297e-02,4.947169721126556396e-01,1.449844539165496826e-01,-8.568749427795410156e-01,-1.756554841995239258e-02,0.000000000000000000e+00,0.000000000000000000e+00,0.000000000000000000e+00,1.000000000000000000e+00
-8.302649110555648804e-02,-9.933648109436035156e-01,7.957969605922698975e-02,7.452814579010009766e-01,-4.938517808914184570e-01,1.103736236691474915e-01,8.625126481056213379e-01,3.114587068557739258e-02,-8.655732274055480957e-01,3.231082111597061157e-02,-4.997389316558837891e-01,2.819666638970375061e-02,0.000000000000000000e+00,0.000000000000000000e+00,0.000000000000000000e+00,1.000000000000000000e+00
-3.477562069892883301e-01,8.992958068847656250e-01,2.652030587196350098e-01,7.426770329475402832e-01,8.191273212432861328e-01,1.537896841764450073e-01,5.526112318038940430e-01,8.029562234878540039e-02,4.561754763126373291e-01,4.094090759754180908e-01,-7.901191115379333496e-01,2.014220878481864929e-02,0.000000000000000000e+00,0.000000000000000000e+00,0.000000000000000000e+00,1.000000000000000000e+00
-3.287875652313232422e-02,9.731215834617614746e-01,-2.279328256845474243e-01,7.456434965133666992e-01,-7.696751039475202560e-03,2.278028279542922974e-01,9.736768603324890137e-01,1.148241758346557617e-02,9.994297027587890625e-01,3.376762941479682922e-02,-1.204777577224950104e-16,-1.192607264965772629e-02,0.000000000000000000e+00,0.000000000000000000e+00,0.000000000000000000e+00,1.000000000000000000e+00
-1.917885839939117432e-01,9.814360737800598145e-01,-6.107375957071781158e-04,7.447441816329956055e-01,-1.171325202449224889e-04,5.994000239297747612e-04,9.999998211860656738e-01,4.307270050048828125e-02,9.814362525939941406e-01,1.917886137962341309e-01,-5.560701418506333246e-16,-5.615993402898311615e-03,0.000000000000000000e+00,0.000000000000000000e+00,0.000000000000000000e+00,1.000000000000000000e+00
5.266128107905387878e-02,-9.957234859466552734e-01,-7.590477168560028076e-02,7.400469183921813965e-01,-5.024653673171997070e-01,3.926680237054824829e-02,-8.637052178382873535e-01,1.540782451629638672e-01,8.629921078681945801e-01,8.362334221601486206e-02,-4.982487261295318604e-01,-1.202222984284162521e-02,0.000000000000000000e+00,0.000000000000000000e+00,0.000000000000000000e+00,1.000000000000000000e+00
9.774186611175537109e-01,-1.343831121921539307e-01,1.630763709545135498e-01,7.469580173492431641e-01,1.615565717220306396e-01,-2.221205271780490875e-02,-9.866134524345397949e-01,5.907326936721801758e-02,1.362064480781555176e-01,9.906804561614990234e-01,-2.118619652623892344e-17,-7.670588674955070019e-04,0.000000000000000000e+00,0.000000000000000000e+00,0.000000000000000000e+00,1.000000000000000000e+00
4.129834473133087158e-02,9.725178480148315430e-01,-2.291364669799804688e-01,7.409734725952148438e-01,-9.721606969833374023e-03,-2.289301455020904541e-01,-9.733943343162536621e-01,1.319514513015747070e-01,-9.990995526313781738e-01,4.242714866995811462e-02,0.000000000000000000e+00,-3.971504047513008118e-02,0.000000000000000000e+00,0.000000000000000000e+00,0.000000000000000000e+00,1.000000000000000000e+00
1.696274578571319580e-01,9.854794740676879883e-01,7.531741168349981308e-03,7.412512302398681641e-01,1.277626375667750835e-03,7.422586902976036072e-03,-9.999716281890869141e-01,1.266757249832153320e-01,-9.855074286460876465e-01,1.696322709321975708e-01,0.000000000000000000e+00,3.823353722691535950e-02,0.000000000000000000e+00,0.000000000000000000e+00,0.000000000000000000e+00,1.000000000000000000e+00
1.578859388828277588e-01,9.871041178703308105e-01,2.641060575842857361e-02,7.428122758865356445e-01,9.874573349952697754e-01,-1.578294634819030762e-01,-4.222828894853591919e-03,9.135824441909790039e-02,-6.331740687315345895e-17,2.674607187509536743e-02,-9.996422529220581055e-01,3.632755950093269348e-02,0.000000000000000000e+00,0.000000000000000000e+00,0.000000000000000000e+00,1.000000000000000000e+00
1.861394494771957397e-01,-9.648250937461853027e-01,-1.856466829776763916e-01,7.434337735176086426e-01,-8.552993535995483398e-01,-6.612772494554519653e-02,-5.138969421386718750e-01,8.690273761749267578e-02,4.835442900657653809e-01,2.544399797916412354e-01,-8.375232815742492676e-01,2.213829383254051208e-02,0.000000000000000000e+00,0.000000000000000000e+00,0.000000000000000000e+00,1.000000000000000000e+00
2.154640257358551025e-01,9.620004296302795410e-01,1.677211523056030273e-01,7.398391962051391602e-01,3.665713965892791748e-02,1.636662483215332031e-01,-9.858344793319702148e-01,1.588006615638732910e-01,-9.758235216140747070e-01,2.185600399971008301e-01,0.000000000000000000e+00,-9.675553999841213226e-03,0.000000000000000000e+00,0.000000000000000000e+00,0.000000000000000000e+00,1.000000000000000000e+00
-2.113368548452854156e-02,-9.768043756484985352e-01,-2.130881547927856445e-01,7.449163794517517090e-01,-8.701952695846557617e-01,1.229121536016464233e-01,-4.771297276020050049e-01,4.672211408615112305e-02,4.922535419464111328e-01,1.753447949886322021e-01,-8.526081442832946777e-01,1.844498887658119202e-02,0.000000000000000000e+00,0.000000000000000000e+00,0.000000000000000000e+00,1.000000000000000000e+00
9.763143956661224365e-02,9.928774237632751465e-01,6.828238815069198608e-02,7.449679374694824219e-01,9.952226281166076660e-01,-9.740137308835983276e-02,-6.698509212583303452e-03,2.777820825576782227e-02,-1.821459649775647449e-17,6.861016154289245605e-02,-9.976435303688049316e-01,2.122279629111289978e-02,0.000000000000000000e+00,0.000000000000000000e+00,0.000000000000000000e+00,1.000000000000000000e+00
1.232799515128135681e-01,9.922406077384948730e-01,1.614454202353954315e-02,7.391959428787231445e-01,1.990557881072163582e-03,1.602135784924030304e-02,-9.998696446418762207e-01,1.604084968566894531e-01,-9.923699498176574707e-01,1.232960224151611328e-01,0.000000000000000000e+00,-2.918212674558162689e-02,0.000000000000000000e+00,0.000000000000000000e+00,0.000000000000000000e+00,1.000000000000000000e+00
1.126776356250047684e-02,-9.983004927635192871e-01,-5.717637389898300171e-02,7.424800992012023926e-01,-9.999365210533142090e-01,-1.124932803213596344e-02,-6.442907615564763546e-04,1.088998913764953613e-01,-6.310056643865635806e-17,5.718000605702400208e-02,-9.983639121055603027e-01,1.333939004689455032e-02,0.000000000000000000e+00,0.000000000000000000e+00,0.000000000000000000e+00,1.000000000000000000e+00
1.765248738229274750e-02,-9.976927638053894043e-01,-6.555552780628204346e-02,7.421300411224365234e-01,-4.999188184738159180e-01,-6.558892130851745605e-02,8.635851144790649414e-01,1.121947765350341797e-01,-8.658923506736755371e-01,1.752801798284053802e-02,-4.999231994152069092e-01,4.153684899210929871e-02,0.000000000000000000e+00,0.000000000000000000e+00,0.000000000000000000e+00,1.000000000000000000e+00
2.060257457196712494e-02,9.893727302551269531e-01,1.439342945814132690e-01,7.422989010810852051e-01,9.997877478599548340e-01,-2.038795314729213715e-02,-2.966046798974275589e-03,1.035955548286437988e-01,7.502679033599690683e-17,1.439648568630218506e-01,-9.895827770233154297e-01,2.631237730383872986e-02,0.000000000000000000e+00,0.000000000000000000e+00,0.000000000000000000e+00,1.000000000000000000e+00
1.018152236938476562e-01,9.871041178703308105e-01,-1.235279366374015808e-01,7.428122758865356445e-01,4.900715947151184082e-01,-1.578294634819030762e-01,-8.572745919227600098e-01,9.135824441909790039e-02,-8.657155632972717285e-01,2.674607187509536743e-02,-4.998211264610290527e-01,3.632755950093269348e-02,0.000000000000000000e+00,0.000000000000000000e+00,0.000000000000000000e+00,1.000000000000000000e+00
1.377315521240234375e-01,9.898772239685058594e-01,-3.425122797489166260e-02,7.450242638587951660e-01,8.552318811416625977e-01,-1.362977921962738037e-01,-5.000013709068298340e-01,1.299214363098144531e-02,-4.996083378791809082e-01,3.957322612404823303e-02,-8.653470277786254883e-01,5.216454155743122101e-03,0.000000000000000000e+00,0.000000000000000000e+00,0.000000000000000000e+00,1.000000000000000000e+00
1.467555463314056396e-01,-9.870141148567199707e-01,6.531453877687454224e-02,7.393412590026855469e-01,9.605782106518745422e-03,-6.460431963205337524e-02,-9.978647232055664062e-01,1.671544313430786133e-01,9.891261458396911621e-01,1.470695883035659790e-01,-5.622657114037657011e-16,4.378080484457314014e-04,0.000000000000000000e+00,0.000000000000000000e+00,0.000000000000000000e+00,1.000000000000000000e+00
1.557980179786682129e-01,-9.875182509422302246e-01,2.312306314706802368e-02,7.407109141349792480e-01,-4.870845973491668701e-01,-9.716891497373580933e-02,-8.679324984550476074e-01,1.365378499031066895e-01,8.593460321426391602e-01,1.239592730998992920e-01,-4.961436390876770020e-01,-2.415194734930992126e-02,0.000000000000000000e+00,0.000000000000000000e+00,0.000000000000000000e+00,1.000000000000000000e+00
-1.653942614793777466e-01,9.862242341041564941e-01,2.556970575824379921e-03,7.454559803009033203e-01,4.882725775241851807e-01,7.963234931230545044e-02,8.690503835678100586e-01,1.447951793670654297e-02,8.568749427795410156e-01,1.449844539165496826e-01,-4.947169721126556396e-01,-1.756554841995239258e-02,0.000000000000000000e+00,0.000000000000000000e+00,0.000000000000000000e+00,1.000000000000000000e+00
-4.016419351100921631e-01,-8.910632729530334473e-01,-2.113999873399734497e-01,7.442657351493835449e-01,-9.157967567443847656e-01,3.907945454120635986e-01,9.271391481161117554e-02,6.754857301712036133e-02,-1.526556658859590243e-16,2.308372259140014648e-01,-9.729923605918884277e-01,1.859420165419578552e-02,0.000000000000000000e+00,0.000000000000000000e+00,0.000000000000000000e+00,1.000000000000000000e+00
1.058661751449108124e-02,-9.997100830078125000e-01,-2.162541635334491730e-02,7.401313781738281250e-01,-5.001873970031738281e-01,1.343216840177774429e-02,-8.658130168914794922e-01,1.523362398147583008e-01,8.658524751663208008e-01,1.998279057443141937e-02,-4.999001622200012207e-01,1.727133616805076599e-02,0.000000000000000000e+00,0.000000000000000000e+00,0.000000000000000000e+00,1.000000000000000000e+00
-9.637718647718429565e-02,-9.952205419540405273e-01,1.573105342686176300e-02,7.458130121231079102e-01,1.516302349045872688e-03,1.565780676901340485e-02,9.998762607574462891e-01,2.490192651748657227e-02,-9.953437447547912598e-01,9.638911485671997070e-02,0.000000000000000000e+00,3.906082734465599060e-02,0.000000000000000000e+00,0.000000000000000000e+00,0.000000000000000000e+00,1.000000000000000000e+00
-1.478981226682662964e-01,-9.885227680206298828e-01,-3.080413490533828735e-02,7.449403405189514160e-01,-4.558037035167217255e-03,-3.046504594385623932e-02,9.995254278182983398e-01,2.153873443603515625e-02,-9.889920949935913086e-01,1.479683518409729004e-01,0.000000000000000000e+00,-1.918468251824378967e-02,0.000000000000000000e+00,0.000000000000000000e+00,0.000000000000000000e+00,1.000000000000000000e+00
3.850835263729095459e-01,-9.217144250869750977e-01,4.640314355492591858e-02,7.397580146789550781e-01,-7.799741625785827637e-01,-3.519183993339538574e-01,-5.174879431724548340e-01,1.578822731971740723e-01,4.933061897754669189e-01,1.630828231573104858e-01,-8.544313907623291016e-01,-1.450666319578886032e-02,0.000000000000000000e+00,0.000000000000000000e+00,0.000000000000000000e+00,1.000000000000000000e+00
2.507148385047912598e-01,-9.610226154327392578e-01,-1.165231466293334961e-01,7.447270154953002930e-01,-4.940187931060791016e-01,-2.349962107837200165e-02,-8.691335916519165039e-01,6.579935550689697266e-02,8.325187563896179199e-01,2.754693031311035156e-01,-4.806549251079559326e-01,3.768694028258323669e-02,0.000000000000000000e+00,0.000000000000000000e+00,0.000000000000000000e+00,1.000000000000000000e+00
-1.499549001455307007e-01,9.839347600936889648e-01,-9.688065946102142334e-02,7.414531111717224121e-01,4.823015034198760986e-01,1.583373248577117920e-01,8.615767955780029297e-01,1.308774352073669434e-01,8.630751967430114746e-01,8.247197419404983521e-02,-4.982966780662536621e-01,2.841595187783241272e-02,0.000000000000000000e+00,0.000000000000000000e+00,0.000000000000000000e+00,1.000000000000000000e+00
-6.111844629049301147e-02,-9.802783131599426270e-01,-1.879332512617111206e-01,7.446807026863098145e-01,-5.125781893730163574e-01,-1.307360231876373291e-01,8.486292958259582520e-01,3.478616476058959961e-02,-8.564625978469848633e-01,1.481973826885223389e-01,-4.944789111614227295e-01,-1.873775571584701538e-02,0.000000000000000000e+00,0.000000000000000000e+00,0.000000000000000000e+00,1.000000000000000000e+00
7.834530621767044067e-02,-9.958547353744506836e-01,-4.621002450585365295e-02,7.426659464836120605e-01,-8.633846044540405273e-01,-4.460320994257926941e-02,-5.025709271430969238e-01,1.000974774360656738e-01,4.984265565872192383e-01,7.927110046148300171e-02,-8.633000850677490234e-01,2.603064849972724915e-02,0.000000000000000000e+00,0.000000000000000000e+00,0.000000000000000000e+00,1.000000000000000000e+00
-5.478568002581596375e-02,-9.871010184288024902e-01,-1.504330933094024658e-01,7.435537576675415039e-01,-8.658437132835388184e-01,1.220014169812202454e-01,-4.852116107940673828e-01,8.480358123779296875e-02,4.973059296607971191e-01,1.036689057946205139e-01,-8.613591194152832031e-01,2.782969549298286438e-02,0.000000000000000000e+00,0.000000000000000000e+00,0.000000000000000000e+00,1.000000000000000000e+00
1.406130343675613403e-01,-9.894067645072937012e-01,-3.608717769384384155e-02,7.412974834442138672e-01,-8.560575842857360840e-01,-1.031886860728263855e-01,-5.064755678176879883e-01,1.372761130332946777e-01,4.973865747451782227e-01,1.021097749471664429e-01,-8.614988327026367188e-01,1.414862740784883499e-02,0.000000000000000000e+00,0.000000000000000000e+00,0.000000000000000000e+00,1.000000000000000000e+00
1.161530241370201111e-01,-9.932305216789245605e-01,-1.276980619877576828e-03,7.392800450325012207e-01,-4.941853284835815430e-01,-5.667700618505477905e-02,-8.675071001052856445e-01,1.711566448211669922e-01,8.615621328353881836e-01,1.013946384191513062e-01,-4.974231421947479248e-01,1.730912132188677788e-03,0.000000000000000000e+00,0.000000000000000000e+00,0.000000000000000000e+00,1.000000000000000000e+00
-6.621652096509933472e-02,9.960968494415283203e-01,5.836512893438339233e-02,7.411136031150817871e-01,8.635345697402954102e-01,8.651449531316757202e-02,-4.968131184577941895e-01,1.506938934326171875e-01,-4.999234080314636230e-01,1.750307157635688782e-02,-8.658927083015441895e-01,3.330586478114128113e-02,0.000000000000000000e+00,0.000000000000000000e+00,0.000000000000000000e+00,1.000000000000000000e+00
-2.417563274502754211e-02,-9.753270745277404785e-01,-2.194369882345199585e-01,7.436451911926269531e-01,-9.997076988220214844e-01,2.358604408800601959e-02,5.306579172611236572e-03,8.538419008255004883e-02,-1.431146867680865853e-16,2.195011377334594727e-01,-9.756122231483459473e-01,3.237036988139152527e-02,0.000000000000000000e+00,0.000000000000000000e+00,0.000000000000000000e+00,1.000000000000000000e+00
-5.237111821770668030e-02,9.985876083374023438e-01,8.945249021053314209e-03,7.395648956298828125e-01,8.646072149276733398e-01,4.085851460695266724e-02,5.007843971252441406e-01,1.671023964881896973e-01,4.997115731239318848e-01,3.396076336503028870e-02,-8.655258417129516602e-01,4.059469327330589294e-02,0.000000000000000000e+00,0.000000000000000000e+00,0.000000000000000000e+00,1.000000000000000000e+00
1.019706651568412781e-01,9.861037135124206543e-01,1.311542391777038574e-01,7.419735789299011230e-01,8.605843186378479004e-01,-1.535771787166595459e-01,4.856013655662536621e-01,1.264465451240539551e-01,4.989956021308898926e-01,6.335218250751495361e-02,-8.642857670783996582e-01,2.152174338698387146e-02,0.000000000000000000e+00,0.000000000000000000e+00,0.000000000000000000e+00,1.000000000000000000e+00
-1.664587110280990601e-01,-9.787532091140747070e-01,1.197234541177749634e-01,7.456824779510498047e-01,2.007339522242546082e-02,1.180286556482315063e-01,9.928072690963745117e-01,7.662475109100341797e-03,-9.858440756797790527e-01,1.676646769046783447e-01,0.000000000000000000e+00,2.632093057036399841e-02,0.000000000000000000e+00,0.000000000000000000e+00,0.000000000000000000e+00,1.000000000000000000e+00
3.102905452251434326e-01,-9.217144250869750977e-01,2.327280491590499878e-01,7.397580146789550781e-01,-4.167334735393524170e-01,-3.519183993339538574e-01,-8.381447792053222656e-01,1.578822731971740723e-01,8.544313907623291016e-01,1.630828231573104858e-01,-4.933061897754669189e-01,-1.450666319578886032e-02,0.000000000000000000e+00,0.000000000000000000e+00,0.000000000000000000e+00,1.000000000000000000e+00
-1.357008069753646851e-01,9.867789149284362793e-01,-8.861549198627471924e-02,7.449589371681213379e-01,-1.207268889993429184e-02,8.778926730155944824e-02,9.960659146308898926e-01,2.859401702880859375e-02,9.906762838363647461e-01,1.362367719411849976e-01,3.186497448807887279e-16,1.505501288920640945e-02,0.000000000000000000e+00,0.000000000000000000e+00,0.000000000000000000e+00,1.000000000000000000e+00
9.623152762651443481e-02,-9.432694315910339355e-01,-3.177770674228668213e-01,7.451845407485961914e-01,-9.953590035438537598e-01,-9.119550138711929321e-02,-3.072275780141353607e-02,5.429202318191528320e-02,-6.591949208711866959e-17,3.192587494850158691e-01,-9.476675987243652344e-01,3.357846662402153015e-02,0.000000000000000000e+00,0.000000000000000000e+00,0.000000000000000000e+00,1.000000000000000000e+00
4.692463576793670654e-02,9.988981485366821289e-01,-7.883395883254706860e-04,7.395232915878295898e-01,8.648283481597900391e-01,-4.102143272757530212e-02,-5.003890395164489746e-01,1.712390780448913574e-01,-4.998700320720672607e-01,2.279879711568355560e-02,-8.658003211021423340e-01,3.063377365469932556e-02,0.000000000000000000e+00,0.000000000000000000e+00,0.000000000000000000e+00,1.000000000000000000e+00
8.086577057838439941e-03,9.824135303497314453e-01,1.865430325269699097e-01,7.395853400230407715e-01,1.535446615889668465e-03,1.865367144346237183e-01,-9.824467897415161133e-01,1.599540114402770996e-01,-9.999661445617675781e-01,8.231058716773986816e-03,0.000000000000000000e+00,-4.353800043463706970e-02,0.000000000000000000e+00,0.000000000000000000e+00,0.000000000000000000e+00,1.000000000000000000e+00
-1.022979095578193665e-01,-9.941825866699218750e-01,-3.370704501867294312e-02,7.421391606330871582e-01,-8.609048128128051758e-01,7.150597125291824341e-02,5.037159919738769531e-01,1.199221014976501465e-01,-4.983753859996795654e-01,8.054764568805694580e-02,-8.632114529609680176e-01,2.950384840369224548e-02,0.000000000000000000e+00,0.000000000000000000e+00,0.000000000000000000e+00,1.000000000000000000e+00
-1.895625703036785126e-02,-9.954249262809753418e-01,-9.364789724349975586e-02,7.394903302192687988e-01,-5.003397464752197266e-01,9.053735435009002686e-02,-8.610825538635253906e-01,1.690561771392822266e-01,8.656216263771057129e-01,3.053286112844944000e-02,-4.997668862342834473e-01,3.595325723290443420e-02,0.000000000000000000e+00,0.000000000000000000e+00,0.000000000000000000e+00,1.000000000000000000e+00
9.547782540321350098e-01,-2.830599248409271240e-01,9.097034484148025513e-02,7.474764585494995117e-01,8.721815049648284912e-02,-2.585727535188198090e-02,-9.958536028861999512e-01,2.128124237060546875e-02,2.842384874820709229e-01,9.587535858154296875e-01,8.359310584682056356e-17,-4.327885690145194530e-04,0.000000000000000000e+00,0.000000000000000000e+00,0.000000000000000000e+00,1.000000000000000000e+00
-2.021258175373077393e-01,-9.753270745277404785e-01,-8.878178149461746216e-02,7.436451911926269531e-01,-4.952582418918609619e-01,2.358604408800601959e-02,8.684255480766296387e-01,8.538419008255004883e-02,-8.449049592018127441e-01,2.195011377334594727e-01,-4.878061115741729736e-01,3.237036988139152527e-02,0.000000000000000000e+00,0.000000000000000000e+00,0.000000000000000000e+00,1.000000000000000000e+00
1.519505381584167480e-01,-9.827004671096801758e-01,-1.058810129761695862e-01,7.450257539749145508e-01,-9.883881211280822754e-01,-1.510761529207229614e-01,-1.627769134938716888e-02,3.800648450851440430e-02,-1.526556658859590243e-16,1.071249395608901978e-01,-9.942455887794494629e-01,1.719098910689353943e-02,0.000000000000000000e+00,0.000000000000000000e+00,0.000000000000000000e+00,1.000000000000000000e+00
1.131707709282636642e-02,-9.944790005683898926e-01,-1.043237447738647461e-01,7.441040277481079102e-01,-8.672832846641540527e-01,4.216497018933296204e-02,-4.960259795188903809e-01,6.710672378540039062e-02,4.976862370967864990e-01,9.609180688858032227e-02,-8.620178699493408203e-01,2.715975418686866760e-02,0.000000000000000000e+00,0.000000000000000000e+00,0.000000000000000000e+00,1.000000000000000000e+00
-3.702146932482719421e-02,-9.990304112434387207e-01,-2.382464148104190826e-02,7.419716715812683105e-01,-9.993144869804382324e-01,3.701094537973403931e-02,8.826283155940473080e-04,1.191824078559875488e-01,-6.581107186987011914e-17,2.384098619222640991e-02,-9.997157454490661621e-01,5.833153612911701202e-03,0.000000000000000000e+00,0.000000000000000000e+00,0.000000000000000000e+00,1.000000000000000000e+00
-1.205455232411623001e-02,-9.980139136314392090e-01,-6.182944774627685547e-02,7.430884838104248047e-01,-8.664538860321044922e-01,-2.043879404664039612e-02,4.988386034965515137e-01,9.093630313873291016e-02,-4.991115927696228027e-01,5.958563834428787231e-02,-8.644866347312927246e-01,1.579921320080757141e-02,0.000000000000000000e+00,0.000000000000000000e+00,0.000000000000000000e+00,1.000000000000000000e+00
4.463937506079673767e-02,-9.987130165100097656e-01,2.407454140484333038e-02,7.460176944732666016e-01,-8.648744821548461914e-01,-5.069604888558387756e-02,-4.994217157363891602e-01,7.768452167510986328e-03,4.999994635581970215e-01,1.472416450269520283e-03,-8.660244941711425781e-01,3.824533149600028992e-02,0.000000000000000000e+00,0.000000000000000000e+00,0.000000000000000000e+00,1.000000000000000000e+00
-6.968902796506881714e-02,9.940503835678100586e-01,-8.370976150035858154e-02,7.454611659049987793e-01,-5.854199174791574478e-03,8.350481092929840088e-02,9.964901804924011230e-01,1.486772298812866211e-02,9.975515604019165039e-01,6.993447989225387573e-02,-1.213235730598876327e-16,1.020085159689188004e-02,0.000000000000000000e+00,0.000000000000000000e+00,0.000000000000000000e+00,1.000000000000000000e+00
-1.783050894737243652e-01,9.839347600936889648e-01,-8.923659101128578186e-03,7.414531111717224121e-01,8.484737277030944824e-01,1.583373248577117920e-01,5.049965977668762207e-01,1.308774352073669434e-01,4.982966780662536621e-01,8.247197419404983521e-02,-8.630751967430114746e-01,2.841595187783241272e-02,0.000000000000000000e+00,0.000000000000000000e+00,0.000000000000000000e+00,1.000000000000000000e+00
7.984164357185363770e-02,9.900712966918945312e-01,1.156899705529212952e-01,7.418826222419738770e-01,5.057314038276672363e-01,5.977990105748176575e-02,-8.606172800064086914e-01,1.106768250465393066e-01,-8.589884042739868164e-01,1.272211521863937378e-01,-4.959371984004974365e-01,3.643593564629554749e-02,0.000000000000000000e+00,0.000000000000000000e+00,0.000000000000000000e+00,1.000000000000000000e+00
-1.031856238842010498e-02,9.928774237632751465e-01,1.186925023794174194e-01,7.449679374694824219e-01,5.034124255180358887e-01,-9.740137308835983276e-02,8.585388064384460449e-01,2.777820825576782227e-02,8.639846444129943848e-01,6.861016154289245605e-02,-4.988217651844024658e-01,2.122279629111289978e-02,0.000000000000000000e+00,0.000000000000000000e+00,0.000000000000000000e+00,1.000000000000000000e+00
9.981416463851928711e-01,-6.070878356695175171e-02,5.260729696601629257e-03,7.517650723457336426e-01,3.114685183390974998e-03,-3.539045527577400208e-02,-9.993687272071838379e-01,9.353375434875488281e-02,6.085664033889770508e-02,9.975278973579406738e-01,-3.513559699058532715e-02,-1.034732209518551826e-03,0.000000000000000000e+00,0.000000000000000000e+00,0.000000000000000000e+00,1.000000000000000000e+00
6.222226098179817200e-02,9.965348839759826660e-01,5.519656091928482056e-02,7.436007857322692871e-01,9.980623126029968262e-01,-6.212703511118888855e-02,-3.441122593358159065e-03,7.004904747009277344e-02,3.382710778154773834e-17,5.530371889472007751e-02,-9.984695911407470703e-01,3.553181514143943787e-02,0.000000000000000000e+00,0.000000000000000000e+00,0.000000000000000000e+00,1.000000000000000000e+00
-9.905241131782531738e-01,1.261885613203048706e-01,-5.420727282762527466e-02,7.433766722679138184e-01,-5.377267301082611084e-02,6.850409787148237228e-03,9.985297322273254395e-01,1.579325199127197266e-01,1.263743638992309570e-01,9.919826388359069824e-01,-7.044116571779893837e-17,-1.782316016033291817e-03,0.000000000000000000e+00,0.000000000000000000e+00,0.000000000000000000e+00,1.000000000000000000e+00
-2.232497185468673706e-01,9.462751150131225586e-01,-2.339293360710144043e-01,7.460145354270935059e-01,-5.371505767107009888e-02,2.276787906885147095e-01,9.722536206245422363e-01,1.338988542556762695e-02,9.732801318168640137e-01,2.296208739280700684e-01,-1.260775587112421942e-16,-3.016539663076400757e-02,0.000000000000000000e+00,0.000000000000000000e+00,0.000000000000000000e+00,1.000000000000000000e+00
-1.054461151361465454e-01,-9.941825866699218750e-01,2.195779979228973389e-02,7.421391606330871582e-01,-4.937074780464172363e-01,7.150597125291824341e-02,8.666832447052001953e-01,1.199221014976501465e-01,-8.632114529609680176e-01,8.054764568805694580e-02,-4.983753859996795654e-01,2.950384840369224548e-02,0.000000000000000000e+00,0.000000000000000000e+00,0.000000000000000000e+00,1.000000000000000000e+00
-3.415260463953018188e-02,9.952707290649414062e-01,9.093858301639556885e-02,7.447807192802429199e-01,3.118711989372968674e-03,-9.088509529829025269e-02,9.958565235137939453e-01,4.245823621749877930e-02,9.994117617607116699e-01,3.429470583796501160e-02,-5.668038492373582253e-16,-2.136174589395523071e-02,0.000000000000000000e+00,0.000000000000000000e+00,0.000000000000000000e+00,1.000000000000000000e+00
5.782359093427658081e-02,-9.872014522552490234e-01,-1.486261337995529175e-01,7.415967583656311035e-01,-4.970997869968414307e-01,-1.575783193111419678e-01,8.532648086547851562e-01,1.228254437446594238e-01,-8.657645583152770996e-01,2.454318664968013763e-02,-4.998493790626525879e-01,3.920768573880195618e-02,0.000000000000000000e+00,0.000000000000000000e+00,0.000000000000000000e+00,1.000000000000000000e+00
8.004822582006454468e-02,-9.967907667160034180e-01,6.378618418239057064e-04,7.421656847000122070e-01,-8.625448942184448242e-01,-6.958819180727005005e-02,-5.011724233627319336e-01,1.169241666793823242e-01,4.996084570884704590e-01,3.956777974963188171e-02,-8.653472065925598145e-01,2.523568645119667053e-02,0.000000000000000000e+00,0.000000000000000000e+00,0.000000000000000000e+00,1.000000000000000000e+00
-6.299314647912979126e-02,9.979816079139709473e-01,-8.035291917622089386e-03,7.456524968147277832e-01,4.979459047317504883e-01,3.840612992644309998e-02,8.663572072982788086e-01,9.469568729400634766e-03,8.649172186851501465e-01,5.057342723011970520e-02,-4.993601739406585693e-01,-2.729230746626853943e-02,0.000000000000000000e+00,0.000000000000000000e+00,0.000000000000000000e+00,1.000000000000000000e+00
2.425453159958124161e-03,9.966145753860473633e-01,8.217984437942504883e-02,7.395840883255004883e-01,9.999970793724060059e-01,-2.417249139398336411e-03,-1.993239420698955655e-04,1.629177331924438477e-01,-1.211595927752551205e-16,8.218008279800415039e-02,-9.966174960136413574e-01,2.530607953667640686e-02,0.000000000000000000e+00,0.000000000000000000e+00,0.000000000000000000e+00,1.000000000000000000e+00
4.319042712450027466e-02,9.966145753860473633e-01,6.995710730552673340e-02,7.395840883255004883e-01,8.659231662750244141e-01,-2.417249139398336411e-03,-5.001711249351501465e-01,1.629177331924438477e-01,-4.983087480068206787e-01,8.218008279800415039e-02,-8.630960583686828613e-01,2.530607953667640686e-02,0.000000000000000000e+00,0.000000000000000000e+00,0.000000000000000000e+00,1.000000000000000000e+00
1.845335364341735840e-01,-9.827004671096801758e-01,-1.572037860751152039e-02,7.450257539749145508e-01,-8.478303551673889160e-01,-1.510761529207229614e-01,-5.082909464836120605e-01,3.800648450851440430e-02,4.971227943897247314e-01,1.071249395608901978e-01,-8.610419034957885742e-01,1.719098910689353943e-02,0.000000000000000000e+00,0.000000000000000000e+00,0.000000000000000000e+00,1.000000000000000000e+00
1.074328646063804626e-01,-9.886473417282104492e-01,-1.050455719232559204e-01,7.446979284286499023e-01,-8.595421314239501953e-01,-1.454591304063796997e-01,4.899275004863739014e-01,4.320478439331054688e-02,-4.996453523635864258e-01,3.765678405761718750e-02,-8.654111623764038086e-01,8.992825634777545929e-03,0.000000000000000000e+00,0.000000000000000000e+00,0.000000000000000000e+00,1.000000000000000000e+00
2.673215977847576141e-02,-9.993751049041748047e-01,-2.312486991286277771e-02,7.451118230819702148e-01,-9.996426105499267578e-01,-2.672500722110271454e-02,-6.183987134136259556e-04,3.158378601074218750e-02,-1.750986508564089661e-16,2.313313633203506470e-02,-9.997323751449584961e-01,2.009736374020576477e-02,0.000000000000000000e+00,0.000000000000000000e+00,0.000000000000000000e+00,1.000000000000000000e+00
-3.725570440292358398e-02,-9.886473417282104492e-01,-1.455623805522918701e-01,7.446979284286499023e-01,-5.481410771608352661e-03,-1.454591304063796997e-01,9.893490672111511230e-01,4.320478439331054688e-02,-9.992907047271728516e-01,3.765678405761718750e-02,0.000000000000000000e+00,8.992825634777545929e-03,0.000000000000000000e+00,0.000000000000000000e+00,0.000000000000000000e+00,1.000000000000000000e+00
-1.869129091501235962e-01,-9.787532091140747070e-01,-8.429574966430664062e-02,7.456824779510498047e-01,-8.497596383094787598e-01,1.180286556482315063e-01,5.137876868247985840e-01,7.662475109100341797e-03,-4.929220378398895264e-01,1.676646769046783447e-01,-8.537660241127014160e-01,2.632093057036399841e-02,0.000000000000000000e+00,0.000000000000000000e+00,0.000000000000000000e+00,1.000000000000000000e+00
-1.042781323194503784e-01,-9.734683036804199219e-01,-2.036800980567932129e-01,7.439910769462585449e-01,-9.945482015609741211e-01,1.020679101347923279e-01,2.135580778121948242e-02,6.991672515869140625e-02,-2.012279232133096230e-16,2.047966122627258301e-01,-9.788045287132263184e-01,3.522614017128944397e-02,0.000000000000000000e+00,0.000000000000000000e+00,0.000000000000000000e+00,1.000000000000000000e+00
-8.275252580642700195e-02,9.616740345954895020e-01,2.614097297191619873e-01,7.418416738510131836e-01,9.965701103210449219e-01,7.985485345125198364e-02,2.170676924288272858e-02,1.231806278228759766e-01,1.942890293094023946e-16,2.623094320297241211e-01,-9.649838209152221680e-01,8.889758028090000153e-03,0.000000000000000000e+00,0.000000000000000000e+00,0.000000000000000000e+00,1.000000000000000000e+00
-9.804844260215759277e-01,1.792517602443695068e-01,-8.074116706848144531e-02,7.480855584144592285e-01,-7.942476868629455566e-02,1.452040392905473709e-02,9.967350959777832031e-01,9.295558929443359375e-02,1.798389256000518799e-01,9.836960434913635254e-01,-1.043719688609363243e-16,-8.929662290029227734e-04,0.000000000000000000e+00,0.000000000000000000e+00,0.000000000000000000e+00,1.000000000000000000e+00
5.579449236392974854e-02,8.992958068847656250e-01,4.337672591209411621e-01,7.426770329475402832e-01,8.881390094757080078e-01,1.537896841764450073e-01,-4.330794513225555420e-01,8.029562234878540039e-02,-4.561754763126373291e-01,4.094090759754180908e-01,-7.901191115379333496e-01,2.014220878481864929e-02,0.000000000000000000e+00,0.000000000000000000e+00,0.000000000000000000e+00,1.000000000000000000e+00
-4.088209569454193115e-02,9.985876083374023438e-01,3.393237292766571045e-02,7.395648956298828125e-01,9.991639852523803711e-01,4.085851460695266724e-02,1.388387288898229599e-03,1.671023964881896973e-01,2.621600853069949721e-16,3.396076336503028870e-02,-9.994231462478637695e-01,4.059469327330589294e-02,0.000000000000000000e+00,0.000000000000000000e+00,0.000000000000000000e+00,1.000000000000000000e+00
1.844516843557357788e-01,9.752016067504882812e-01,1.223087012767791748e-01,7.423565983772277832e-01,8.461837172508239746e-01,-2.208724170923233032e-01,4.849623739719390869e-01,1.137078404426574707e-01,4.999507069587707520e-01,1.404351089149713516e-02,-8.659399747848510742e-01,2.684809640049934387e-02,0.000000000000000000e+00,0.000000000000000000e+00,0.000000000000000000e+00,1.000000000000000000e+00
-2.330606430768966675e-01,9.694435596466064453e-01,-7.656297087669372559e-02,7.454355955123901367e-01,4.652303457260131836e-01,1.802880167961120605e-01,8.666354417800903320e-01,1.516491174697875977e-02,8.539575338363647461e-01,1.663591861724853516e-01,-4.930326044559478760e-01,-6.717867217957973480e-03,0.000000000000000000e+00,0.000000000000000000e+00,0.000000000000000000e+00,1.000000000000000000e+00
1.474356465041637421e-02,9.979844093322753906e-01,6.172311678528785706e-02,7.427338361740112305e-01,8.664339780807495117e-01,1.805974543094635010e-02,-4.989649057388305664e-01,8.217698335647583008e-02,-4.990738928318023682e-01,6.083552911877632141e-02,-8.644213676452636719e-01,4.119743034243583679e-02,0.000000000000000000e+00,0.000000000000000000e+00,0.000000000000000000e+00,1.000000000000000000e+00
5.397355183959007263e-02,-9.985200166702270508e-01,6.682530511170625687e-03,7.393575310707092285e-01,-8.644070029258728027e-01,-5.007244646549224854e-02,-5.002931952476501465e-01,1.624915003776550293e-01,4.998873472213745117e-01,2.122617326676845551e-02,-8.658303022384643555e-01,-8.941024425439536572e-04,0.000000000000000000e+00,0.000000000000000000e+00,0.000000000000000000e+00,1.000000000000000000e+00
-3.765026852488517761e-02,9.940503835678100586e-01,1.022073477506637573e-01,7.454611659049987793e-01,8.659129142761230469e-01,8.350481092929840088e-02,-4.931752085685729980e-01,1.486772298812866211e-02,-4.987757802009582520e-01,6.993447989225387573e-02,-8.639050126075744629e-01,1.020085159689188004e-02,0.000000000000000000e+00,0.000000000000000000e+00,0.000000000000000000e+00,1.000000000000000000e+00
2.414504066109657288e-02,9.988981485366821289e-01,4.024375602602958679e-02,7.395232915878295898e-01,8.657637834548950195e-01,-4.102143272757530212e-02,4.987687766551971436e-01,1.712390780448913574e-01,4.998700320720672607e-01,2.279879711568355560e-02,-8.658003211021423340e-01,3.063377365469932556e-02,0.000000000000000000e+00,0.000000000000000000e+00,0.000000000000000000e+00,1.000000000000000000e+00
7.286249101161956787e-02,9.868028163909912109e-01,1.446072459220886230e-01,7.410250902175903320e-01,1.064836699515581131e-02,1.442146599292755127e-01,-9.894891381263732910e-01,1.328475475311279297e-01,-9.972851276397705078e-01,7.363647222518920898e-02,0.000000000000000000e+00,-1.277946960180997849e-02,0.000000000000000000e+00,0.000000000000000000e+00,0.000000000000000000e+00,1.000000000000000000e+00
4.751859605312347412e-02,-9.980139136314392090e-01,-4.135427251458168030e-02,7.430884838104248047e-01,-8.652338385581970215e-01,-2.043879404664039612e-02,-5.009517669677734375e-01,9.093630313873291016e-02,4.991115927696228027e-01,5.958563834428787231e-02,-8.644866347312927246e-01,1.579921320080757141e-02,0.000000000000000000e+00,0.000000000000000000e+00,0.000000000000000000e+00,1.000000000000000000e+00
-1.921475529670715332e-01,-9.734683036804199219e-01,-1.242530718445777893e-01,7.439910769462585449e-01,-8.506260514259338379e-01,1.020679101347923279e-01,5.157687664031982422e-01,6.991672515869140625e-02,-4.894022643566131592e-01,2.047966122627258301e-01,-8.476696014404296875e-01,3.522614017128944397e-02,0.000000000000000000e+00,0.000000000000000000e+00,0.000000000000000000e+00,1.000000000000000000e+00
-8.353357203304767609e-03,9.996170401573181152e-01,2.638279460370540619e-02,7.413067817687988281e-01,4.999568462371826172e-01,2.702436968684196472e-02,-8.656286001205444336e-01,1.399905681610107422e-01,-8.660100102424621582e-01,5.959354806691408157e-03,-4.999911189079284668e-01,1.798068359494209290e-02,0.000000000000000000e+00,0.000000000000000000e+00,0.000000000000000000e+00,1.000000000000000000e+00
-2.014921233057975769e-02,-9.990304112434387207e-01,-3.914348036050796509e-02,7.419716715812683105e-01,-8.658730387687683105e-01,3.701094537973403931e-02,-4.988928437232971191e-01,1.191824078559875488e-01,4.998578727245330811e-01,2.384098619222640991e-02,-8.657792210578918457e-01,5.833153612911701202e-03,0.000000000000000000e+00,0.000000000000000000e+00,0.000000000000000000e+00,1.000000000000000000e+00
9.726623445749282837e-02,-9.919818639755249023e-01,-8.069214224815368652e-02,7.418120503425598145e-01,-8.606125116348266602e-01,-1.245525255799293518e-01,4.937942326068878174e-01,1.191184520721435547e-01,-4.998853206634521484e-01,2.141516469419002533e-02,-8.658267855644226074e-01,4.077554866671562195e-02,0.000000000000000000e+00,0.000000000000000000e+00,0.000000000000000000e+00,1.000000000000000000e+00
2.625526487827301025e-01,-9.647569656372070312e-01,1.760995946824550629e-02,7.397097945213317871e-01,-8.274239897727966309e-01,-2.344925403594970703e-01,-5.102772116661071777e-01,1.690029501914978027e-01,4.964228868484497070e-01,1.194037273526191711e-01,-8.598296642303466797e-01,-1.835724338889122009e-02,0.000000000000000000e+00,0.000000000000000000e+00,0.000000000000000000e+00,1.000000000000000000e+00
-1.424402445554733276e-01,9.731215834617614746e-01,-1.809562295675277710e-01,7.456434965133666992e-01,4.801728427410125732e-01,2.278028279542922974e-01,8.470772504806518555e-01,1.148241758346557617e-02,8.655315041542053223e-01,3.376762941479682922e-02,-4.997148513793945312e-01,-1.192607264965772629e-02,0.000000000000000000e+00,0.000000000000000000e+00,0.000000000000000000e+00,1.000000000000000000e+00
1.499385386705398560e-01,9.871041178703308105e-01,-5.607071518898010254e-02,7.428122758865356445e-01,8.530517220497131348e-01,-1.578294634819030762e-01,-4.973857402801513672e-01,9.135824441909790039e-02,-4.998211264610290527e-01,2.674607187509536743e-02,-8.657155632972717285e-01,3.632755950093269348e-02,0.000000000000000000e+00,0.000000000000000000e+00,0.000000000000000000e+00,1.000000000000000000e+00
-2.568995654582977295e-01,6.961497664451599121e-01,6.703566908836364746e-01,7.419630885124206543e-01,9.664381146430969238e-01,1.850512474775314331e-01,1.781949102878570557e-01,6.718331575393676758e-02,-4.163336342344337027e-17,6.936364769935607910e-01,-7.203252315521240234e-01,2.222648635506629944e-02,0.000000000000000000e+00,0.000000000000000000e+00,0.000000000000000000e+00,1.000000000000000000e+00
-9.930143952369689941e-01,-1.179902255535125732e-01,-8.666759822517633438e-04,7.311171293258666992e-01,-1.179934144020080566e-01,9.929875731468200684e-01,7.293811533600091934e-03,8.721923828125000000e-02,1.531977669722017765e-16,7.345121819525957108e-03,-9.999729990959167480e-01,-3.455433994531631470e-02,0.000000000000000000e+00,0.000000000000000000e+00,0.000000000000000000e+00,1.000000000000000000e+00
-9.133061766624450684e-02,-9.952205419540405273e-01,-3.456510230898857117e-02,7.458130121231079102e-01,-4.986249804496765137e-01,1.565780676901340485e-02,8.666763901710510254e-01,2.490192651748657227e-02,-8.619929552078247070e-01,9.638911485671997070e-02,-4.976718723773956299e-01,3.906082734465599060e-02,0.000000000000000000e+00,0.000000000000000000e+00,0.000000000000000000e+00,1.000000000000000000e+00
5.583868920803070068e-02,-9.984091520309448242e-01,-7.826451212167739868e-03,7.393457889556884766e-01,-8.643978238105773926e-01,-4.441768676042556763e-02,-5.008427500724792480e-01,1.655173897743225098e-01,4.996983408927917480e-01,3.473157063126564026e-02,-8.655028939247131348e-01,2.626314386725425720e-02,0.000000000000000000e+00,0.000000000000000000e+00,0.000000000000000000e+00,1.000000000000000000e+00
4.388895630836486816e-02,-9.919818639755249023e-01,-1.185145601630210876e-01,7.418120503425598145e-01,-4.984152019023895264e-01,-1.245525255799293518e-01,8.579446077346801758e-01,1.191184520721435547e-01,-8.658267855644226074e-01,2.141516469419002533e-02,-4.998853206634521484e-01,4.077554866671562195e-02,0.000000000000000000e+00,0.000000000000000000e+00,0.000000000000000000e+00,1.000000000000000000e+00
1.981482803821563721e-01,9.752016067504882812e-01,-9.858548641204833984e-02,7.423565983772277832e-01,8.430815935134887695e-01,-2.208724170923233032e-01,-4.903354048728942871e-01,1.137078404426574707e-01,-4.999507069587707520e-01,1.404351089149713516e-02,-8.659399747848510742e-01,2.684809640049934387e-02,0.000000000000000000e+00,0.000000000000000000e+00,0.000000000000000000e+00,1.000000000000000000e+00
1.170729547739028931e-01,9.827123880386352539e-01,1.434234082698822021e-01,7.406963706016540527e-01,1.696640998125076294e-02,1.424163430929183960e-01,-9.896613955497741699e-01,1.353906989097595215e-01,-9.929783940315246582e-01,1.182959675788879395e-01,0.000000000000000000e+00,-3.127690777182579041e-02,0.000000000000000000e+00,0.000000000000000000e+00,0.000000000000000000e+00,1.000000000000000000e+00
3.163513541221618652e-02,9.892364144325256348e-01,1.428652554750442505e-01,7.396674156188964844e-01,4.566403105854988098e-03,1.427922546863555908e-01,-9.897421598434448242e-01,1.602275371551513672e-01,-9.994890689849853516e-01,3.196300938725471497e-02,0.000000000000000000e+00,-1.137092243880033493e-02,0.000000000000000000e+00,0.000000000000000000e+00,0.000000000000000000e+00,1.000000000000000000e+00
6.531453877687454224e-02,-9.870141148567199707e-01,-1.467555463314056396e-01,7.393412590026855469e-01,-9.978647232055664062e-01,-6.460431963205337524e-02,-9.605782106518745422e-03,1.671544313430786133e-01,-1.856154119295183591e-16,1.470695883035659790e-01,-9.891261458396911621e-01,4.378080484457314014e-04,0.000000000000000000e+00,0.000000000000000000e+00,0.000000000000000000e+00,1.000000000000000000e+00
-1.588785648345947266e-01,9.839347600936889648e-01,8.142442256212234497e-02,7.414531111717224121e-01,9.872981309890747070e-01,1.583373248577117920e-01,1.310302875936031342e-02,1.308774352073669434e-01,1.144917494144692682e-16,8.247197419404983521e-02,-9.965933561325073242e-01,2.841595187783241272e-02,0.000000000000000000e+00,0.000000000000000000e+00,0.000000000000000000e+00,1.000000000000000000e+00
-1.436950266361236572e-01,9.665331840515136719e-01,2.125212699174880981e-01,7.463925480842590332e-01,8.635553717613220215e-01,1.757728867232799530e-02,5.039475560188293457e-01,1.652324199676513672e-02,4.833465218544006348e-01,2.559386491775512695e-01,-8.371807336807250977e-01,-3.230825439095497131e-02,0.000000000000000000e+00,0.000000000000000000e+00,0.000000000000000000e+00,1.000000000000000000e+00
5.419875681400299072e-02,-9.979223012924194336e-01,3.483698517084121704e-02,7.416726350784301758e-01,1.889268052764236927e-03,-3.478571772575378418e-02,-9.993929862976074219e-01,1.306130290031433105e-01,9.985283613204956055e-01,5.423167720437049866e-02,-5.657709984373000128e-16,2.933201566338539124e-02,0.000000000000000000e+00,0.000000000000000000e+00,0.000000000000000000e+00,1.000000000000000000e+00
-8.947923779487609863e-02,-9.819985628128051758e-01,-1.663500219583511353e-01,7.450477480888366699e-01,-8.628587126731872559e-01,1.598507314920425415e-01,-4.795024693012237549e-01,4.623311758041381836e-02,4.974619150161743164e-01,1.006310433149337769e-01,-8.616293072700500488e-01,3.565328195691108704e-02,0.000000000000000000e+00,0.000000000000000000e+00,0.000000000000000000e+00,1.000000000000000000e+00
-9.235577285289764404e-02,-9.952703714370727539e-01,-3.012073785066604614e-02,7.430890798568725586e-01,-4.982449114322662354e-01,2.000156976282596588e-02,8.668056130409240723e-01,9.410941600799560547e-02,-8.621034622192382812e-01,9.506200253963470459e-02,-4.977356791496276855e-01,2.541240677237510681e-02,0.000000000000000000e+00,0.000000000000000000e+00,0.000000000000000000e+00,1.000000000000000000e+00
-8.365394175052642822e-02,9.960968494415283203e-01,-2.816262282431125641e-02,7.411136031150817871e-01,8.620200753211975098e-01,8.651449531316757202e-02,4.994363188743591309e-01,1.506938934326171875e-01,4.999234080314636230e-01,1.750307157635688782e-02,-8.658927083015441895e-01,3.330586478114128113e-02,0.000000000000000000e+00,0.000000000000000000e+00,0.000000000000000000e+00,1.000000000000000000e+00
5.301422439515590668e-03,-9.958166480064392090e-01,-9.121984988451004028e-02,7.435489892959594727e-01,-5.018696188926696777e-01,7.625117152929306030e-02,-8.615756630897521973e-01,7.607430219650268555e-02,8.649270534515380859e-01,5.034804716706275940e-02,-4.993658661842346191e-01,2.260124310851097107e-02,0.000000000000000000e+00,0.000000000000000000e+00,0.000000000000000000e+00,1.000000000000000000e+00
4.765839502215385437e-02,9.922406077384948730e-01,1.148358434438705444e-01,7.391959428787231445e-01,8.669078350067138672e-01,1.602135784924030304e-02,-4.982109665870666504e-01,1.604084968566894531e-01,-4.961849749088287354e-01,1.232960224151611328e-01,-8.594175577163696289e-01,-2.918212674558162689e-02,0.000000000000000000e+00,0.000000000000000000e+00,0.000000000000000000e+00,1.000000000000000000e+00
-2.270872443914413452e-01,-9.432694315910339355e-01,-2.422274798154830933e-01,7.451845407485961914e-01,-5.242861509323120117e-01,-9.119550138711929321e-02,8.466447591781616211e-01,5.429202318191528320e-02,-8.207042217254638672e-01,3.192587494850158691e-01,-4.738337993621826172e-01,3.357846662402153015e-02,0.000000000000000000e+00,0.000000000000000000e+00,0.000000000000000000e+00,1.000000000000000000e+00
1.364046484231948853e-01,9.898772239685058594e-01,3.920334577560424805e-02,7.450242638587951660e-01,9.906532168388366699e-01,-1.362977921962738037e-01,-5.397971719503402710e-03,1.299214363098144531e-02,-1.196959198423996895e-16,3.957322612404823303e-02,-9.992166757583618164e-01,5.216454155743122101e-03,0.000000000000000000e+00,0.000000000000000000e+00,0.000000000000000000e+00,1.000000000000000000e+00
-1.606663018465042114e-01,-9.819985628128051758e-01,-9.932372719049453735e-02,7.450477480888366699e-01,-9.870088100433349609e-01,1.598507314920425415e-01,1.616801880300045013e-02,4.623311758041381836e-02,-1.457167719820517959e-16,1.006310433149337769e-01,-9.949238300323486328e-01,3.565328195691108704e-02,0.000000000000000000e+00,0.000000000000000000e+00,0.000000000000000000e+00,1.000000000000000000e+00
4.057651758193969727e-02,-9.967907667160034180e-01,-6.900487095117568970e-02,7.421656847000122070e-01,-8.653004765510559082e-01,-6.958819180727005005e-02,4.963995814323425293e-01,1.169241666793823242e-01,-4.996084570884704590e-01,3.956777974963188171e-02,-8.653472065925598145e-01,2.523568645119667053e-02,0.000000000000000000e+00,0.000000000000000000e+00,0.000000000000000000e+00,1.000000000000000000e+00
-1.343485061079263687e-02,-9.997100830078125000e-01,-1.998098753392696381e-02,7.401313781738281250e-01,-9.999097585678100586e-01,1.343216840177774429e-02,2.684658102225512266e-04,1.523362398147583008e-01,1.149254302834634700e-16,1.998279057443141937e-02,-9.998003244400024414e-01,1.727133616805076599e-02,0.000000000000000000e+00,0.000000000000000000e+00,0.000000000000000000e+00,1.000000000000000000e+00
-1.339597254991531372e-01,9.822533726692199707e-01,1.312749832868576050e-01,7.448937892913818359e-01,1.773907616734504700e-02,-1.300709247589111328e-01,9.913460016250610352e-01,1.035743951797485352e-02,9.908279776573181152e-01,1.351291388273239136e-01,-5.546871488060038657e-16,-1.298305299133062363e-02,0.000000000000000000e+00,0.000000000000000000e+00,0.000000000000000000e+00,1.000000000000000000e+00
7.484532892704010010e-02,9.851505756378173828e-01,1.545203626155853271e-01,7.411662936210632324e-01,5.095878839492797852e-01,9.540878981351852417e-02,-8.551124930381774902e-01,1.360622048377990723e-01,-8.571571111679077148e-01,1.427428871393203735e-01,-4.948799014091491699e-01,-5.997198633849620819e-03,0.000000000000000000e+00,0.000000000000000000e+00,0.000000000000000000e+00,1.000000000000000000e+00
-1.005718261003494263e-01,-9.535042047500610352e-01,-2.841038405895233154e-01,7.425829172134399414e-01,-8.728712797164916992e-01,-5.247832834720611572e-02,4.851203858852386475e-01,1.096825003623962402e-01,-4.774736464023590088e-01,2.967755198478698730e-01,-8.270086050033569336e-01,3.550177440047264099e-02,0.000000000000000000e+00,0.000000000000000000e+00,0.000000000000000000e+00,1.000000000000000000e+00
4.520961642265319824e-01,6.961497664451599121e-01,5.576599240303039551e-01,7.419630885124206543e-01,6.375403404235839844e-01,1.850512474775314331e-01,-7.478625178337097168e-01,6.718331575393676758e-02,-6.238199472427368164e-01,6.936364769935607910e-01,-3.601626157760620117e-01,2.222648635506629944e-02,0.000000000000000000e+00,0.000000000000000000e+00,0.000000000000000000e+00,1.000000000000000000e+00
-6.071908026933670044e-02,-9.980553984642028809e-01,-1.409133896231651306e-02,7.452176809310913086e-01,-8.556980756111443043e-04,-1.406533364206552505e-02,9.999006986618041992e-01,1.752728223800659180e-02,-9.981545209884643555e-01,6.072510778903961182e-02,0.000000000000000000e+00,-6.236507557332515717e-03,0.000000000000000000e+00,0.000000000000000000e+00,0.000000000000000000e+00,1.000000000000000000e+00
3.287976980209350586e-02,9.978935718536376953e-01,5.592234805226325989e-02,7.455772161483764648e-01,5.013084411621093750e-01,3.193924948573112488e-02,-8.646789789199829102e-01,1.235187053680419922e-02,-8.646437525749206543e-01,5.646479129791259766e-02,-4.992022812366485596e-01,2.389172092080116272e-02,0.000000000000000000e+00,0.000000000000000000e+00,0.000000000000000000e+00,1.000000000000000000e+00
-2.401179224252700806e-01,9.694435596466064453e-01,5.022483691573143005e-02,7.454355955123901367e-01,8.362190127372741699e-01,1.802880167961120605e-01,5.179131031036376953e-01,1.516491174697875977e-02,4.930326044559478760e-01,1.663591861724853516e-01,-8.539575338363647461e-01,-6.717867217957973480e-03,0.000000000000000000e+00,0.000000000000000000e+00,0.000000000000000000e+00,1.000000000000000000e+00
8.878178149461746216e-02,-9.753270745277404785e-01,-2.021258175373077393e-01,7.436451911926269531e-01,-8.684255480766296387e-01,2.358604408800601959e-02,-4.952582418918609619e-01,8.538419008255004883e-02,4.878061115741729736e-01,2.195011377334594727e-01,-8.449049592018127441e-01,3.237036988139152527e-02,0.000000000000000000e+00,0.000000000000000000e+00,0.000000000000000000e+00,1.000000000000000000e+00
-7.173907011747360229e-02,-9.941825866699218750e-01,-8.034010976552963257e-02,7.421391606330871582e-01,-9.974234104156494141e-01,7.150597125291824341e-02,5.778413265943527222e-03,1.199221014976501465e-01,-1.058181320345852328e-16,8.054764568805694580e-02,-9.967507719993591309e-01,2.950384840369224548e-02,0.000000000000000000e+00,0.000000000000000000e+00,0.000000000000000000e+00,1.000000000000000000e+00
-8.652774989604949951e-02,9.960968494415283203e-01,1.743742451071739197e-02,7.411136031150817871e-01,9.962494373321533203e-01,8.651449531316757202e-02,1.514501404017210007e-03,1.506938934326171875e-01,-5.854691731421723944e-18,1.750307157635688782e-02,-9.998468160629272461e-01,3.330586478114128113e-02,0.000000000000000000e+00,0.000000000000000000e+00,0.000000000000000000e+00,1.000000000000000000e+00
-2.166006155312061310e-02,9.932253956794738770e-01,-1.141673475503921509e-01,7.460511326789855957e-01,-2.489146776497364044e-03,1.141402050852775574e-01,9.934615492820739746e-01,4.253208637237548828e-03,9.997622966766357422e-01,2.180261723697185516e-02,3.211347013200164299e-16,3.069425746798515320e-02,0.000000000000000000e+00,0.000000000000000000e+00,0.000000000000000000e+00,1.000000000000000000e+00
-8.464013226330280304e-04,-9.958547353744506836e-01,-9.095403552055358887e-02,7.426659464836120605e-01,-8.669314980506896973e-01,-4.460320994257926941e-02,4.964275360107421875e-01,1.000974774360656738e-01,-4.984265565872192383e-01,7.927110046148300171e-02,-8.633000850677490234e-01,2.603064849972724915e-02,0.000000000000000000e+00,0.000000000000000000e+00,0.000000000000000000e+00,1.000000000000000000e+00
-5.338039249181747437e-02,9.888002276420593262e-01,1.393723040819168091e-01,7.392601966857910156e-01,4.975664615631103516e-01,1.473487019538879395e-01,-8.548192381858825684e-01,1.714351773262023926e-01,-8.657818436622619629e-01,2.371639758348464966e-02,-4.998593628406524658e-01,-1.610213518142700195e-02,0.000000000000000000e+00,0.000000000000000000e+00,0.000000000000000000e+00,1.000000000000000000e+00
-1.197234541177749634e-01,-9.787532091140747070e-01,-1.664587110280990601e-01,7.456824779510498047e-01,-9.928072690963745117e-01,1.180286556482315063e-01,2.007339522242546082e-02,7.662475109100341797e-03,-1.110223024625156540e-16,1.676646769046783447e-01,-9.858440756797790527e-01,2.632093057036399841e-02,0.000000000000000000e+00,0.000000000000000000e+00,0.000000000000000000e+00,1.000000000000000000e+00
-3.898941725492477417e-02,9.966145753860473633e-01,7.238255441188812256e-02,7.395840883255004883e-01,8.661225438117980957e-01,-2.417249139398336411e-03,4.998258948326110840e-01,1.629177331924438477e-01,4.983087480068206787e-01,8.218008279800415039e-02,-8.630960583686828613e-01,2.530607953667640686e-02,0.000000000000000000e+00,0.000000000000000000e+00,0.000000000000000000e+00,1.000000000000000000e+00
2.346152812242507935e-02,9.338825345039367676e-01,3.568094968795776367e-01,7.397044897079467773e-01,8.961143903434276581e-03,3.566969633102416992e-01,-9.341771602630615234e-01,1.677811741828918457e-01,-9.996845722198486328e-01,2.511464618146419525e-02,0.000000000000000000e+00,1.110479328781366348e-02,0.000000000000000000e+00,0.000000000000000000e+00,0.000000000000000000e+00,1.000000000000000000e+00
-1.576717197895050049e-01,-9.871010184288024902e-01,-2.777075953781604767e-02,7.435537576675415039e-01,-8.531274199485778809e-01,1.220014169812202454e-01,5.072368383407592773e-01,8.480358123779296875e-02,-4.973059296607971191e-01,1.036689057946205139e-01,-8.613591194152832031e-01,2.782969549298286438e-02,0.000000000000000000e+00,0.000000000000000000e+00,0.000000000000000000e+00,1.000000000000000000e+00
8.148434013128280640e-02,9.965348839759826660e-01,1.669049263000488281e-02,7.436007857322692871e-01,8.626267313957214355e-01,-6.212703511118888855e-02,-5.020112395286560059e-01,7.004904747009277344e-02,-4.992347955703735352e-01,5.530371889472007751e-02,-8.647000193595886230e-01,3.553181514143943787e-02,0.000000000000000000e+00,0.000000000000000000e+00,0.000000000000000000e+00,1.000000000000000000e+00
-1.156899705529212952e-01,9.900712966918945312e-01,7.984164357185363770e-02,7.418826222419738770e-01,8.606172800064086914e-01,5.977990105748176575e-02,5.057314038276672363e-01,1.106768250465393066e-01,4.959371984004974365e-01,1.272211521863937378e-01,-8.589884042739868164e-01,3.643593564629554749e-02,0.000000000000000000e+00,0.000000000000000000e+00,0.000000000000000000e+00,1.000000000000000000e+00
-1.022641807794570923e-01,-9.427906274795532227e-01,-3.173134922981262207e-01,7.462556362152099609e-01,-3.421817347407341003e-02,-3.154630959033966064e-01,9.483206868171691895e-01,1.233273744583129883e-02,-9.941685795783996582e-01,1.078371256589889526e-01,0.000000000000000000e+00,2.549174800515174866e-02,0.000000000000000000e+00,0.000000000000000000e+00,0.000000000000000000e+00,1.000000000000000000e+00
-1.618280857801437378e-01,9.867789149284362793e-01,-8.892866782844066620e-03,7.449589371681213379e-01,4.875777065753936768e-01,8.778926730155944824e-02,8.686547279357910156e-01,2.859401702880859375e-02,8.579508662223815918e-01,1.362367719411849976e-01,-4.953381419181823730e-01,1.505501288920640945e-02,0.000000000000000000e+00,0.000000000000000000e+00,0.000000000000000000e+00,1.000000000000000000e+00
2.472201287746429443e-01,-9.427906274795532227e-01,2.236694544553756714e-01,7.462556362152099609e-01,-4.445265531539916992e-01,-3.154630959033966064e-01,-8.383789062500000000e-01,1.233273744583129883e-02,8.609752655029296875e-01,1.078371256589889526e-01,-4.970842897891998291e-01,2.549174800515174866e-02,0.000000000000000000e+00,0.000000000000000000e+00,0.000000000000000000e+00,1.000000000000000000e+00
4.670760035514831543e-02,9.822533726692199707e-01,1.816500276327133179e-01,7.448937892913818359e-01,8.674003481864929199e-01,-1.300709247589111328e-01,4.803104996681213379e-01,1.035743951797485352e-02,4.954139888286590576e-01,1.351291388273239136e-01,-8.580822348594665527e-01,-1.298305299133062363e-02,0.000000000000000000e+00,0.000000000000000000e+00,0.000000000000000000e+00,1.000000000000000000e+00
1.015589311718940735e-01,-9.894067645072937012e-01,1.037308722734451294e-01,7.412974834442138672e-01,1.059193536639213562e-02,-1.031886860728263855e-01,-9.946054220199584961e-01,1.372761130332946777e-01,9.947731494903564453e-01,1.021097749471664429e-01,3.209012378639294633e-16,1.414862740784883499e-02,0.000000000000000000e+00,0.000000000000000000e+00,0.000000000000000000e+00,1.000000000000000000e+00
-1.058810129761695862e-01,-9.827004671096801758e-01,-1.519505381584167480e-01,7.450257539749145508e-01,-1.627769134938716888e-02,-1.510761529207229614e-01,9.883881211280822754e-01,3.800648450851440430e-02,-9.942455887794494629e-01,1.071249395608901978e-01,0.000000000000000000e+00,1.719098910689353943e-02,0.000000000000000000e+00,0.000000000000000000e+00,0.000000000000000000e+00,1.000000000000000000e+00
-9.948052167892456055e-01,-1.017531827092170715e-01,-2.982482779771089554e-03,7.303279042243957520e-01,-1.017968878149986267e-01,9.943781495094299316e-01,2.914617024362087250e-02,8.776330947875976562e-02,1.127570259384924611e-16,2.929836884140968323e-02,-9.995707273483276367e-01,-3.890246525406837463e-02,0.000000000000000000e+00,0.000000000000000000e+00,0.000000000000000000e+00,1.000000000000000000e+00
-7.077693939208984375e-02,9.680773019790649414e-01,-2.404516786336898804e-01,7.453347444534301758e-01,-1.753282733261585236e-02,2.398115992546081543e-01,9.706611037254333496e-01,1.871401071548461914e-02,9.973380565643310547e-01,7.291621714830398560e-02,3.233206286590837621e-16,-1.527143921703100204e-02,0.000000000000000000e+00,0.000000000000000000e+00,0.000000000000000000e+00,1.000000000000000000e+00
-8.804178982973098755e-02,9.932253956794738770e-01,7.584183663129806519e-02,7.460511326789855957e-01,8.616074919700622559e-01,1.141402050852775574e-01,-4.945751130580902100e-01,4.253208637237548828e-03,-4.998811483383178711e-01,2.180261723697185516e-02,-8.658195734024047852e-01,3.069425746798515320e-02,0.000000000000000000e+00,0.000000000000000000e+00,0.000000000000000000e+00,1.000000000000000000e+00
-1.815608143806457520e-02,-9.980553984642028809e-01,-5.962993577122688293e-02,7.452176809310913086e-01,-8.663672804832458496e-01,-1.406533364206552505e-02,4.992093145847320557e-01,1.752728223800659180e-02,-4.990772604942321777e-01,6.072510778903961182e-02,-8.644271492958068848e-01,-6.236507557332515717e-03,0.000000000000000000e+00,0.000000000000000000e+00,0.000000000000000000e+00,1.000000000000000000e+00
8.093743026256561279e-02,-9.966931939125061035e-01,7.200913038104772568e-03,7.443970441818237305e-01,-8.624057769775390625e-01,-7.365089654922485352e-02,-5.008311271667480469e-01,7.022827863693237305e-02,4.997053444385528564e-01,3.432587906718254089e-02,-8.655150532722473145e-01,9.068728424608707428e-03,0.000000000000000000e+00,0.000000000000000000e+00,0.000000000000000000e+00,1.000000000000000000e+00
2.662156149744987488e-02,-9.987130165100097656e-01,4.316885024309158325e-02,7.460176944732666016e-01,-4.992924034595489502e-01,-5.069604888558387756e-02,-8.649491071701049805e-01,7.768452167510986328e-03,8.660244941711425781e-01,1.472416450269520283e-03,-4.999994635581970215e-01,3.824533149600028992e-02,0.000000000000000000e+00,0.000000000000000000e+00,0.000000000000000000e+00,1.000000000000000000e+00
-6.324055045843124390e-02,-9.954249262809753418e-01,-7.162333279848098755e-02,7.394903302192687988e-01,-8.638482093811035156e-01,9.053735435009002686e-02,-4.955494701862335205e-01,1.690561771392822266e-01,4.997668862342834473e-01,3.053286112844944000e-02,-8.656216263771057129e-01,3.595325723290443420e-02,0.000000000000000000e+00,0.000000000000000000e+00,0.000000000000000000e+00,1.000000000000000000e+00
-8.370976150035858154e-02,9.940503835678100586e-01,6.968902796506881714e-02,7.454611659049987793e-01,9.964901804924011230e-01,8.350481092929840088e-02,5.854199174791574478e-03,1.486772298812866211e-02,-3.556183125752454544e-17,6.993447989225387573e-02,-9.975515604019165039e-01,1.020085159689188004e-02,0.000000000000000000e+00,0.000000000000000000e+00,0.000000000000000000e+00,1.000000000000000000e+00
-6.828238815069198608e-02,9.928774237632751465e-01,9.763143956661224365e-02,7.449679374694824219e-01,6.698509212583303452e-03,-9.740137308835983276e-02,9.952226281166076660e-01,2.777820825576782227e-02,9.976435303688049316e-01,6.861016154289245605e-02,-1.229030909831698901e-16,2.122279629111289978e-02,0.000000000000000000e+00,0.000000000000000000e+00,0.000000000000000000e+00,1.000000000000000000e+00
-1.022073477506637573e-01,9.940503835678100586e-01,-3.765026852488517761e-02,7.454611659049987793e-01,4.931752085685729980e-01,8.350481092929840088e-02,8.659129142761230469e-01,1.486772298812866211e-02,8.639050126075744629e-01,6.993447989225387573e-02,-4.987757802009582520e-01,1.020085159689188004e-02,0.000000000000000000e+00,0.000000000000000000e+00,0.000000000000000000e+00,1.000000000000000000e+00
-3.207368552684783936e-01,9.338825345039367676e-01,-1.580864638090133667e-01,7.397044897079467773e-01,8.045405745506286621e-01,3.566969633102416992e-01,4.748491644859313965e-01,1.677811741828918457e-01,4.998422861099243164e-01,2.511464618146419525e-02,-8.657522201538085938e-01,1.110479328781366348e-02,0.000000000000000000e+00,0.000000000000000000e+00,0.000000000000000000e+00,1.000000000000000000e+00
-5.539693310856819153e-02,-9.913502931594848633e-01,-1.189782470464706421e-01,7.430747747421264648e-01,-9.984644055366516113e-01,5.500222370028495789e-02,6.601166911423206329e-03,9.517502784729003906e-02,-1.795438797635995343e-16,1.191612333059310913e-01,-9.928749203681945801e-01,1.936382427811622620e-02,0.000000000000000000e+00,0.000000000000000000e+00,0.000000000000000000e+00,1.000000000000000000e+00
-1.601197868585586548e-01,9.864357709884643555e-01,-3.613976761698722839e-02,7.424747347831726074e-01,8.514523506164550781e-01,1.565465480089187622e-01,5.005218386650085449e-01,1.017234325408935547e-01,4.993902146816253662e-01,4.937216639518737793e-02,-8.649692535400390625e-01,4.357309080660343170e-03,0.000000000000000000e+00,0.000000000000000000e+00,0.000000000000000000e+00,1.000000000000000000e+00
-7.761882245540618896e-02,9.939982891082763672e-01,7.708879560232162476e-02,7.438914179801940918e-01,9.969831109046936035e-01,7.738644629716873169e-02,6.001648027449846268e-03,6.110328435897827148e-02,-2.315855840429037471e-16,7.732207328081130981e-02,-9.970061779022216797e-01,2.177857235074043274e-02,0.000000000000000000e+00,0.000000000000000000e+00,0.000000000000000000e+00,1.000000000000000000e+00
9.978559613227844238e-01,6.524685770273208618e-02,5.136714782565832138e-03,7.369197607040405273e-01,6.544874608516693115e-02,-9.947778582572937012e-01,-7.831626385450363159e-02,8.737057447433471680e-02,-2.012279232133096230e-16,7.848454266786575317e-02,-9.969153404235839844e-01,-3.388945385813713074e-02,0.000000000000000000e+00,0.000000000000000000e+00,0.000000000000000000e+00,1.000000000000000000e+00
-1.600093767046928406e-02,-9.947131872177124023e-01,-1.014376208186149597e-01,7.400904297828674316e-01,-5.007718801498413086e-01,9.578227996826171875e-02,-8.602634668350219727e-01,1.530189514160156250e-01,8.654313683509826660e-01,3.703208640217781067e-02,-4.996570348739624023e-01,-4.085500165820121765e-02,0.000000000000000000e+00,0.000000000000000000e+00,0.000000000000000000e+00,1.000000000000000000e+00
1.037308722734451294e-01,-9.894067645072937012e-01,-1.015589311718940735e-01,7.412974834442138672e-01,-9.946054220199584961e-01,-1.031886860728263855e-01,-1.059193536639213562e-02,1.372761130332946777e-01,2.151057110211240797e-16,1.021097749471664429e-01,-9.947731494903564453e-01,1.414862740784883499e-02,0.000000000000000000e+00,0.000000000000000000e+00,0.000000000000000000e+00,1.000000000000000000e+00
7.226321101188659668e-02,-9.952703714370727539e-01,-6.492207199335098267e-02,7.430890798568725586e-01,-5.015531778335571289e-01,2.000156976282596588e-02,-8.648955821990966797e-01,9.410941600799560547e-02,8.621034622192382812e-01,9.506200253963470459e-02,-4.977356791496276855e-01,2.541240677237510681e-02,0.000000000000000000e+00,0.000000000000000000e+00,0.000000000000000000e+00,1.000000000000000000e+00
-8.213588595390319824e-02,9.956874251365661621e-01,-4.313073307275772095e-02,7.420911788940429688e-01,8.621236681938171387e-01,9.269648045301437378e-02,4.981467425823211670e-01,1.173738241195678711e-01,4.999965131282806396e-01,3.731698496267199516e-03,-8.660193681716918945e-01,1.147798541933298111e-02,0.000000000000000000e+00,0.000000000000000000e+00,0.000000000000000000e+00,1.000000000000000000e+00
-9.364789724349975586e-02,-9.954249262809753418e-01,1.895625703036785126e-02,7.394903302192687988e-01,-8.610825538635253906e-01,9.053735435009002686e-02,5.003397464752197266e-01,1.690561771392822266e-01,-4.997668862342834473e-01,3.053286112844944000e-02,-8.656216263771057129e-01,3.595325723290443420e-02,0.000000000000000000e+00,0.000000000000000000e+00,0.000000000000000000e+00,1.000000000000000000e+00
-7.554958015680313110e-02,-9.432694315910339355e-01,-3.233187794685363770e-01,7.451845407485961914e-01,-8.773675560951232910e-01,-9.119550138711929321e-02,4.710727930068969727e-01,5.429202318191528320e-02,-4.738337993621826172e-01,3.192587494850158691e-01,-8.207042217254638672e-01,3.357846662402153015e-02,0.000000000000000000e+00,0.000000000000000000e+00,0.000000000000000000e+00,1.000000000000000000e+00
5.683719646185636520e-03,-9.819985628128051758e-01,-1.888029575347900391e-01,7.450477480888366699e-01,-5.075063109397888184e-01,1.598507314920425415e-01,-8.466906547546386719e-01,4.623311758041381836e-02,8.616293072700500488e-01,1.006310433149337769e-01,-4.974619150161743164e-01,3.565328195691108704e-02,0.000000000000000000e+00,0.000000000000000000e+00,0.000000000000000000e+00,1.000000000000000000e+00
3.471316397190093994e-02,-9.993751049041748047e-01,-6.660643965005874634e-03,7.451118230819702148e-01,-8.654066920280456543e-01,-2.672500722110271454e-02,-5.003568530082702637e-01,3.158378601074218750e-02,4.998661875724792480e-01,2.313313633203506470e-02,-8.657936453819274902e-01,2.009736374020576477e-02,0.000000000000000000e+00,0.000000000000000000e+00,0.000000000000000000e+00,1.000000000000000000e+00
-3.801788017153739929e-02,9.840231537818908691e-01,1.739339381456375122e-01,7.448898553848266602e-01,8.693504333496093750e-01,-5.325692147016525269e-02,4.913181662559509277e-01,2.027112245559692383e-02,4.927316606044769287e-01,1.698884218931198120e-01,-8.534362316131591797e-01,1.318264473229646683e-02,0.000000000000000000e+00,0.000000000000000000e+00,0.000000000000000000e+00,1.000000000000000000e+00
-1.248463839292526245e-01,-9.768043756484985352e-01,-1.739729195833206177e-01,7.449163794517517090e-01,-9.921760559082031250e-01,1.229121536016464233e-01,2.189116366207599640e-02,4.672211408615112305e-02,-9.367506770274758310e-17,1.753447949886322021e-01,-9.845070838928222656e-01,1.844498887658119202e-02,0.000000000000000000e+00,0.000000000000000000e+00,0.000000000000000000e+00,1.000000000000000000e+00
